{
  "env": {
    "currentCoinbase": "2adc25665018aa1fe0e6bc666dac8fc2697ff9ba",
    "currentDifficulty": "0x0100",
    "currentGasLimit": "0x0f4240",
    "currentNumber": "0x00"
  },
  "exec": {
    "data": "0xff",
    "gas": "0x0186a0",
    "gasPrice": "0x5af3107a4000",
    "origin": "cd1722f3947def4cf144679da39c4c32bdc35681",
    "value": "0x0de0b6b3a7640000"
  },
  "gas": "0x013874",
  "Is": {
  	"address": "0f572e5295c57f15886f9b263e2f6d2d6c7b5ec6",
    "balance": "0xd3c21bcecceda1000000"
  },
  "Ia": {
  	"address": "0f572e5295c57f15886f9b263e2f6d2d6c7b5ec6",
    "balance": "0xd3c21bcecceda1000000",
    "storage": {
      "0x00": "0x2222"
    }
  }
}